Eldora Keebler,waylon_gottlieb@yahoo.com,75,m
Emerald Herman,bettye@gmail.com,47,m
Bobbie Torp,archibald.reinger@hotmail.com,89,m
Tommie Bosco,darby_daugherty@yahoo.com,55,m
Eleazar Sawayn,carolanne_hahn@gmail.com,85,m
Herta Shanahan,kamille@hotmail.com,17,m
Jedidiah Hagenes,gloria@gmail.com,84,m
Jaquelin Kunde,adrain.moen@hotmail.com,91,m
Reed Labadie,andy@yahoo.com,87,m
Destiny Wolff,augustine@gmail.com,49,m
Dayton Ryan,romaine@yahoo.com,53,m
Dominique Heathcote,rylan@gmail.com,96,m
Adrienne Smitham,vada_koelpin@gmail.com,16,m
Kaci Luettgen,jaron@gmail.com,43,m
Laurine Langosh,cordelia_homenick@hotmail.com,3,m
Doyle Haley,isabella.gutkowski@yahoo.com,55,m
Carter Ruecker,sid@yahoo.com,83,m
Jailyn Baumbach,onie.sawayn@hotmail.com,28,m
Breanne Fadel,kory.frami@hotmail.com,81,m
Immanuel Gulgowski,derek@yahoo.com,90,m
Audrey Hermann,gonzalo.koepp@yahoo.com,98,m
Ophelia Lang,sofia.baumbach@hotmail.com,66,m
Tristian Waelchi,erna_harvey@gmail.com,16,m
Alexandrea Maggio,mazie@hotmail.com,29,m
Loyce Lakin,clark@gmail.com,8,m
Linda Pacocha,carmela.carter@hotmail.com,50,m
Lonie Von,jaylen.bailey@hotmail.com,62,m
Keeley Nitzsche,ezequiel.kutch@yahoo.com,3,m
Johnson Morar,cecil@hotmail.com,15,m
Robin Hane,gabrielle@hotmail.com,89,m
Ken Bashirian,fredy.christiansen@gmail.com,60,m
Kennedi Brekke,karelle_wintheiser@yahoo.com,22,m
Amira Mann,elinore@hotmail.com,33,m
Cassidy King,misty@hotmail.com,73,m
Clint Maggio,watson@gmail.com,4,m
Marco Toy,mitchel_donnelly@gmail.com,31,m
Marlen Cremin,jaquan.kulas@gmail.com,27,m
Vanessa Legros,vaughn_bradtke@yahoo.com,2,m
Beulah Ullrich,dejah@gmail.com,52,m
Sigmund Erdman,nolan@yahoo.com,40,m
Dave Will,breanna@yahoo.com,66,m
Miguel Runolfsdottir,nickolas@yahoo.com,76,m
Laurianne Anderson,zoie_mann@gmail.com,42,m
Josue Runolfsson,meda@hotmail.com,62,m
Terrence Wisozk,chasity@hotmail.com,40,m
Elvera Kirlin,kay.nienow@hotmail.com,73,m
Felipa Sipes,edmond@gmail.com,34,m
Gavin Shields,edgar_bernhard@gmail.com,29,m
Penelope Rohan,derick@hotmail.com,73,m
Ubaldo Stoltenberg,marie.okeefe@gmail.com,92,m
Unique Weimann,leanna.doyle@gmail.com,1,m
Jennings Swaniawski,rubye_fahey@hotmail.com,89,m
Kenny Prosacco,rex@hotmail.com,48,m
Wilhelmine Stroman,brown_larson@yahoo.com,52,m
Savion Kulas,estefania@hotmail.com,86,m
Giles Ullrich,jaiden@yahoo.com,65,m
Genoveva Schroeder,grover@gmail.com,38,m
Carmela Hills,lorenz.gislason@yahoo.com,71,m
Kariane Tremblay,isadore@hotmail.com,3,m
Jett Boehm,raegan@yahoo.com,70,m
Meredith O'Reilly,linda@hotmail.com,65,m
Elinore Schroeder,julianne@gmail.com,40,m
Zita O'Hara,wade.keebler@hotmail.com,96,m
Gina Morar,kade@hotmail.com,96,m
Sarina Schmitt,verla@gmail.com,11,m
Stefanie Bechtelar,emilie@yahoo.com,55,m
Kevon West,lorna@gmail.com,82,m
Shanelle Leffler,danielle_daniel@gmail.com,81,m
Alessandro Leuschke,hollie_runte@gmail.com,97,m
Flavie Swaniawski,rasheed.olson@yahoo.com,6,m
Hildegard Lakin,danielle@gmail.com,27,m
Maximus Nitzsche,maegan.hudson@hotmail.com,61,m
Jeanie Gusikowski,larue@hotmail.com,36,m
Nicklaus Lynch,juana@hotmail.com,3,m
Alverta Cartwright,nakia_rowe@gmail.com,68,m
Domingo Shanahan,percival@yahoo.com,65,m
Princess Funk,dewayne.stroman@yahoo.com,9,m
Dominique Bernhard,vesta_turner@gmail.com,78,m
Clair Herman,kareem@gmail.com,29,m
Cory Kuhn,elaina.lockman@gmail.com,35,m
Isabell Hudson,catalina.price@hotmail.com,5,m
Ally Feeney,alexandre@yahoo.com,82,m
Everett Collier,braeden@hotmail.com,2,m
Coty Hilpert,gaston_osinski@hotmail.com,46,m
Fay Johnston,lilliana@yahoo.com,14,m
Ettie Toy,bethel@hotmail.com,17,m
Lindsey Stokes,marcelina@gmail.com,53,m
Leanna Spinka,donald@hotmail.com,7,m
Cayla Fisher,brett@hotmail.com,93,m
Christy Kihn,markus@gmail.com,37,m
Virginie Bosco,rowan_monahan@gmail.com,52,m
Alden Hoppe,destiny@gmail.com,6,m
Jane Jacobs,eileen.ebert@hotmail.com,83,m
Jordon Fritsch,weldon_rice@gmail.com,77,m
Davonte Cole,omari_keeling@gmail.com,81,m
Henri Towne,emilie.wintheiser@gmail.com,23,m
Nash Schumm,torrance.lakin@gmail.com,92,m
Giovanna Schulist,raymundo_pagac@yahoo.com,8,m
Earlene Walsh,devon.terry@yahoo.com,36,m
Germaine Senger,lauriane@gmail.com,97,m
Hilton Lockman,nathen.yundt@hotmail.com,44,m
Verdie Cartwright,judge.howell@yahoo.com,42,m
Itzel Rath,brendan.bernier@gmail.com,55,m
Aurore Fisher,garett.paucek@gmail.com,69,m
Maurine Weber,magnus.lueilwitz@hotmail.com,24,m
Rosalind Feest,wilson@yahoo.com,16,m
Nils Kilback,holden.kuhic@yahoo.com,87,m
Ivy Feest,oren@yahoo.com,76,m
Samantha Davis,evan@yahoo.com,28,m
Jamal Auer,kyler@yahoo.com,24,m
Columbus White,jailyn_hamill@hotmail.com,58,m
Dariana Streich,molly_rice@yahoo.com,6,m
Justina Lockman,brenden@gmail.com,42,m
Aurelie Bartoletti,johanna.vonrueden@yahoo.com,74,m
Brianne Gleichner,ophelia.balistreri@hotmail.com,45,m
Eve Kerluke,raleigh@yahoo.com,45,m
Adrienne Kozey,wilfrid@hotmail.com,65,m
Ephraim Eichmann,keon@gmail.com,15,m
Colten Rempel,odea@hotmail.com,47,m
Melyna Wehner,lelah.krajcik@hotmail.com,26,m
Thomas Cartwright,kasandra@gmail.com,15,m
Glenda Abernathy,rebecca@hotmail.com,20,m
Dianna Lesch,will_hickle@yahoo.com,49,m
Francesco Hoppe,alberta@gmail.com,24,m
Christy Cremin,kasandra@hotmail.com,91,m
Amparo Robel,iac.hilpert@yahoo.com,47,m
Alvina Towne,keira.rohan@gmail.com,11,m
Marilou Jast,candace@yahoo.com,1,m
Micah Kihn,gerhard@gmail.com,25,m
Roxane Reynolds,ivory.botsford@gmail.com,12,m
Leonel Bernhard,cordia.bashirian@gmail.com,17,m
Jamarcus Ratke,aleia.kihn@gmail.com,41,m
Annalise Murray,rebekah@yahoo.com,24,m
Leonardo Nicolas,saige.berge@hotmail.com,13,m
Carissa Schinner,flo_kuhlman@hotmail.com,75,m
Herminia Mraz,ansel@hotmail.com,96,m
Lorenz Wisozk,ramiro.kunde@hotmail.com,77,m
Antonia Schimmel,ernesto@gmail.com,20,m
Evan Luettgen,morris@hotmail.com,24,m
Adelle Rodriguez,graciela_hegmann@hotmail.com,12,m
Sincere Hand,twila@yahoo.com,26,m
Darrin Bradtke,barbara@yahoo.com,11,m
Candace Langworth,rose.blanda@gmail.com,77,m
Mylene Rice,mac@yahoo.com,11,m
Ubaldo Dickens,benedict_dare@gmail.com,56,m
Lia Kling,rafaela@hotmail.com,1,m
Hailie Hamill,diana@gmail.com,94,m
Else Bartoletti,adrian@yahoo.com,72,m
Hertha Murazik,lina@gmail.com,22,m
Jordyn Labadie,abel@hotmail.com,1,m
Deshaun Jacobson,cicero@yahoo.com,77,m
Kavon Harris,craig@yahoo.com,77,m
Reuben Connelly,darrion.nikolaus@yahoo.com,10,m
Christine Hintz,rae@gmail.com,31,m
Madilyn Sanford,kacey.koepp@hotmail.com,33,m
Kris Greenfelder,coty.herzog@yahoo.com,93,m
Rhea Dickens,verner_kozey@gmail.com,47,m
Felton Hyatt,nellie@hotmail.com,89,m
Whitney Lehner,lamar@hotmail.com,37,m
Mara Lindgren,eleanora_kling@gmail.com,7,m
Arielle Heathcote,kamryn@hotmail.com,65,m
Oral White,lucio_kunde@gmail.com,85,m
Fidel Bogisich,zachariah@gmail.com,67,m
Quinn Boehm,delores@hotmail.com,77,m
Fritz Hagenes,emelie@yahoo.com,23,m
Abelardo Lynch,araceli_bogan@hotmail.com,78,m
Elvie McClure,rickey@gmail.com,24,m
Jonathon Ryan,emmet@gmail.com,86,m
Chesley Witting,lula.koepp@hotmail.com,45,m
Salvatore Ledner,aric@gmail.com,36,m
Freddie Walker,leatha.lindgren@yahoo.com,38,m
Porter Ankunding,jamir@yahoo.com,90,m
Cornelius Mills,libby@yahoo.com,11,m
Dewayne Spinka,marisol_bechtelar@yahoo.com,70,m
Dallas Koepp,renee.ferry@yahoo.com,8,m
Thomas Daugherty,andy_stoltenberg@yahoo.com,8,m
Estella Nicolas,kyler_gerlach@yahoo.com,48,m
Theresia Kertzmann,milton_doyle@gmail.com,30,m
Shanelle Hermiston,joy@yahoo.com,31,m
Gardner Graham,enrico.brown@yahoo.com,57,m
Lamont Champlin,jamal@hotmail.com,33,m
Arianna Bosco,quinten@yahoo.com,67,m
Zoila Hegmann,alek_kunze@gmail.com,22,m
Tony Heidenreich,christiana_little@hotmail.com,35,m
Alejandrin Crooks,alf_schoen@yahoo.com,76,m
Lorenza Heaney,macy@yahoo.com,31,m
Maxie Kilback,vivian_brakus@gmail.com,64,m
Ayana Kerluke,hermina@yahoo.com,49,m
Marco Bashirian,myah@yahoo.com,64,m
May Greenfelder,sister.eichmann@hotmail.com,52,m
Verna Larson,marlen@gmail.com,66,m
Ursula Stamm,randi.oconner@yahoo.com,69,m
Laverna Batz,summer_barton@yahoo.com,62,m
Roy Prohaska,shana.gulgowski@yahoo.com,5,m
Dexter Glover,maximo_paucek@yahoo.com,88,m
Jensen Rice,jennie_aufderhar@gmail.com,19,m
Curtis Mann,davon@gmail.com,82,m
Abigail Connelly,royce@yahoo.com,52,m
Greta Cronin,ozella@yahoo.com,58,m
Karley Erdman,sophia_armstrong@hotmail.com,65,m
Kaylie Ondricka,isabelle@yahoo.com,40,m
Micheal Hudson,josefina.murazik@hotmail.com,96,m
Foster Stehr,hailey@gmail.com,86,m
Tyree Stoltenberg,elijah@hotmail.com,60,m
Jamir Harber,neva@gmail.com,37,m
Ali Fritsch,jovani@hotmail.com,9,m
Trudie Abshire,trinity@hotmail.com,66,m
Linda Adams,soledad@hotmail.com,68,m
Viviane Botsford,paige@hotmail.com,53,m
Emmet Anderson,olin.wolff@gmail.com,20,m
Palma Rippin,burnice@gmail.com,67,m
Elian Fisher,donnie@yahoo.com,59,m
Dennis Yost,davion.batz@gmail.com,21,m
Alvis Farrell,molly.mills@hotmail.com,39,m
Kacie Cartwright,orion_torphy@yahoo.com,92,m
Tre Heaney,timmothy.stark@gmail.com,48,m
Favian Fadel,wilmer@hotmail.com,61,m
Nathen Reinger,heaven_kuhic@gmail.com,48,m
Effie Ebert,justus@hotmail.com,44,m
Fritz Bergstrom,loyce.grady@hotmail.com,54,m
Irving Feeney,dee@gmail.com,94,m
Dangelo Aufderhar,elisha_schuster@yahoo.com,8,m
Jillian Ledner,vito@gmail.com,5,m
Reagan Morissette,aleandro@gmail.com,9,m
Pearline Abernathy,claude@hotmail.com,29,m
Erwin Ebert,alba.barton@hotmail.com,84,m
Albert Lang,leland@yahoo.com,14,m
Jalyn Koelpin,elody_waters@hotmail.com,71,m
Laney Reynolds,kaitlyn_baumbach@gmail.com,31,m
Modesta Mayert,luciano@yahoo.com,52,m
Lindsey Steuber,evan_effertz@gmail.com,11,m
Elda Hagenes,lera@gmail.com,83,m
Moriah Reichel,dixie.oreilly@gmail.com,15,m
Juston McKenzie,alvena_schulist@yahoo.com,85,m
Katrine Olson,bobbie.johnson@hotmail.com,88,m
Alisha Bogan,jeanette@yahoo.com,37,m
Alexane Strosin,mavis_west@yahoo.com,8,m
Fermin Nolan,geraldine@yahoo.com,12,m
Amari Thiel,carlo@yahoo.com,31,m
Reed Rosenbaum,joanny_hyatt@yahoo.com,58,m
Ronny Ruecker,jayne@hotmail.com,0,m
Taylor Wilderman,sarai@gmail.com,96,m
Margarete Krajcik,albin_hammes@gmail.com,13,m
Caesar Mills,hillard.koepp@hotmail.com,81,m
Kelton Goyette,joesph.ortiz@yahoo.com,49,m
Noemi Huel,titus.treutel@yahoo.com,95,m
Dominique Boyer,delta.miller@gmail.com,25,m
Oren Reilly,axel@gmail.com,25,m
Aylin Tremblay,courtney@yahoo.com,83,m
Madison Bruen,kaleb@gmail.com,47,m
Orville Dach,emma@hotmail.com,25,m
Estelle Hills,loma@yahoo.com,11,m
Darrell Marquardt,milo@yahoo.com,88,m
Adolf McDermott,norma@yahoo.com,97,m
Rae Botsford,miracle@yahoo.com,8,m
Savion Kiehn,clara@gmail.com,49,m
Newell Koelpin,sage@yahoo.com,70,m
Lavon Wilkinson,danyka.pfeffer@yahoo.com,47,m
Jedediah Lockman,kraig_kunde@hotmail.com,83,m
Zora Larkin,alexandra@hotmail.com,91,m
Keara Hirthe,adrianna@gmail.com,65,m
Lilliana Roob,krista@gmail.com,90,m
Kelsie Hudson,cooper_effertz@yahoo.com,69,m
Sammie Sipes,marilie.haley@hotmail.com,21,m
Lazaro Kuvalis,wallace.zemlak@gmail.com,7,m
Tess Legros,verlie@gmail.com,5,m
Kory Wolf,rosie_schiller@yahoo.com,29,m
Kaylah Hamill,bryon.hirthe@hotmail.com,97,m
Kraig McCullough,jayson@hotmail.com,4,m
Lelah Cummerata,constance@hotmail.com,12,m
Mollie Goyette,katrina.bahringer@hotmail.com,72,m
Christine Walker,marcel@hotmail.com,19,m
Carleton Bashirian,justus@yahoo.com,92,m
Harmony Rolfson,zena@yahoo.com,66,m
Nico Jast,magdalena@yahoo.com,53,m
Rocky Ward,irwin.heller@yahoo.com,19,m
Simeon Green,eddie@hotmail.com,6,m
Lempi Rodriguez,daryl@yahoo.com,5,m
Aditya Mayert,reynold@yahoo.com,24,m
Jaqueline Schneider,myrtle@yahoo.com,0,m
Alexanne Wiegand,gaetano_klein@gmail.com,77,m
Bernadette Ondricka,nyah@yahoo.com,46,m
Edwina Lubowitz,thelma.langosh@hotmail.com,47,m
Terrell Bernier,amya_simonis@yahoo.com,59,m
Yazmin Jones,jacky@hotmail.com,38,m
Mattie Tremblay,gloria@yahoo.com,53,m
Sylvia Hartmann,linnea_ritchie@gmail.com,27,m
Alessia Greenholt,ivory@yahoo.com,44,m
Ida Frami,kyle@yahoo.com,81,m
Malvina Zboncak,ervin@hotmail.com,72,m
Uriah Dooley,kobe.kovacek@yahoo.com,44,m
Arnold Spinka,haley_cummings@gmail.com,36,m
Kylie Schowalter,jenifer_will@hotmail.com,20,m
Alfred Rohan,izaiah@yahoo.com,33,m
Richie Kreiger,adele@yahoo.com,65,m
Myra Mann,daisy@gmail.com,62,m
Jose Ruecker,isaac@hotmail.com,69,m
Alfonso Borer,madaline@hotmail.com,87,m
Allen Farrell,sister@hotmail.com,73,m
Daisha Murphy,duane@hotmail.com,63,m
Paris Abernathy,joesph.brekke@gmail.com,82,m
Wilmer Hirthe,cicero_lowe@yahoo.com,0,m
Valentine Altenwerth,patricia@hotmail.com,60,m
Astrid O'Reilly,marlee.powlowski@hotmail.com,80,m
Herminia McGlynn,rosalyn_spencer@gmail.com,47,m
Felicity Douglas,saul.kohler@hotmail.com,61,m
Coleman Cremin,khalil@hotmail.com,63,m
Carmel Larson,laverna.volkman@yahoo.com,11,m
Granville Eichmann,glennie.hegmann@yahoo.com,12,m
Van Cummings,tyrese@gmail.com,81,m
Frankie Grimes,bradley@yahoo.com,22,m
Elizabeth Schaefer,joe_corwin@yahoo.com,64,m
Xavier Medhurst,chyna@yahoo.com,6,m
Ada Nitzsche,katelynn_jast@yahoo.com,94,m
Jeanne Rempel,tad.turcotte@gmail.com,24,m
Kennedy Hilll,cathryn@hotmail.com,27,m
Erna Schmitt,cedrick@yahoo.com,14,m
Jaunita Boyer,loma@yahoo.com,43,m
Ida Jaskolski,wilbert_shanahan@yahoo.com,79,m
Royce Beier,frances@hotmail.com,73,m
Dianna Emard,richie@hotmail.com,32,m
Kris Kuvalis,emmy.rippin@hotmail.com,6,m
Monty Thompson,savion@yahoo.com,69,m
Jermain Reinger,damien@gmail.com,61,m
Adolf Welch,laura_mcglynn@hotmail.com,63,m
Filiberto Lesch,tracy@hotmail.com,5,m
Garrett Denesik,roberto@yahoo.com,45,m
Raina Padberg,nicholas@gmail.com,22,m
Christy Tremblay,quentin@yahoo.com,52,m
Dianna Wisoky,sammie@gmail.com,10,m
Emilio Murray,abigayle_deckow@yahoo.com,25,m
Peter Connelly,mckenzie_schmidt@yahoo.com,47,m
Estelle Boehm,fidel@hotmail.com,13,m
Letitia Russel,rory@hotmail.com,93,m
Tanya Monahan,amara@gmail.com,80,m
Gregg Hartmann,kaitlyn@hotmail.com,97,m
Josie Gerlach,fabian_schmidt@hotmail.com,33,m
Bertha Herman,estevan_schimmel@hotmail.com,9,m
Abigayle Bode,bell@yahoo.com,19,m
Zora Miller,serenity.beier@yahoo.com,76,m
Damian Bechtelar,rosalyn@gmail.com,74,m
Hertha Swift,rex.hagenes@yahoo.com,9,m
Davonte Senger,aida_hermiston@gmail.com,87,m
Dusty Rodriguez,oleta@yahoo.com,91,m
Mona Erdman,zoila@hotmail.com,50,m
Cynthia Powlowski,kali.erdman@gmail.com,31,m
Alanis Barrows,uriel@yahoo.com,55,m
Ben Lesch,jena@yahoo.com,45,m
Garret Rau,mekhi.eichmann@hotmail.com,11,m
Dan Nolan,hayden@gmail.com,93,m
Lilly Kassulke,era_rogahn@hotmail.com,25,m
Lydia Greenholt,cooper@hotmail.com,46,m
Armani Fritsch,elian@yahoo.com,11,m
Porter Pouros,maryjane@yahoo.com,76,m
Edgardo Smith,calista.little@yahoo.com,84,m
Lorena Farrell,kaandra@gmail.com,46,m
Devon Kertzmann,hector.murphy@hotmail.com,74,m
Joanne Murazik,jazmyn_schuppe@gmail.com,59,m
Regan Muller,claude@hotmail.com,20,m
Lesley Gusikowski,anibal@hotmail.com,32,m
Ethel Von,curt.will@hotmail.com,59,m
Rubie Kunze,queen@yahoo.com,86,m
Julius Wiza,skye@gmail.com,38,m
Dangelo Waelchi,juana_rempel@hotmail.com,15,m
Henry Tromp,rosemarie@hotmail.com,18,m
Jordy Larson,ubaldo.jast@yahoo.com,58,m
Samir Ritchie,stephanie.bailey@yahoo.com,17,m
Selina Stokes,zion.lemke@hotmail.com,7,m
Lionel Hansen,paul@hotmail.com,35,m
Jonatan Schumm,karley.legros@hotmail.com,5,m
Tommie Kertzmann,jace_cremin@gmail.com,41,m
Chelsea Barrows,erling.parker@gmail.com,56,m
Orville Doyle,cleta_morar@gmail.com,46,m
Jevon Walsh,vladimir.considine@yahoo.com,32,m
Nia Rosenbaum,jamar@gmail.com,41,m
Emery Lang,sydnee.boyer@gmail.com,21,m
Julius Corwin,roselyn_flatley@gmail.com,7,m
Hollis Wilderman,vladimir_sauer@gmail.com,0,m
Ellsworth Kuhlman,jackie_runolfsdottir@gmail.com,2,m
Muhammad Upton,maryjane_bogan@yahoo.com,78,m
Cielo Feeney,caidy_hilpert@gmail.com,96,m
Clyde Leffler,geovanny@hotmail.com,63,m
Myah Klocko,shanna@hotmail.com,50,m
Doris Nader,maiya.heller@hotmail.com,83,m
Kristofer Homenick,lilly_schiller@yahoo.com,57,m
Jovan Fay,veda@hotmail.com,10,m
Tessie Kshlerin,brian@yahoo.com,53,m
Eliezer Wilkinson,kiara@gmail.com,75,m
Annabell Kunze,mose@gmail.com,86,m
Annabell Monahan,charlene.willms@yahoo.com,26,m
Tre Kilback,santino_swift@gmail.com,50,m
Vernice Mitchell,karine_gottlieb@hotmail.com,46,m
Liliana Prohaska,carmella@yahoo.com,23,m
Annalise Hamill,douglas@hotmail.com,51,m
Agustina Jaskolski,tavares@hotmail.com,10,m
Melyssa Wyman,heloise.hermann@yahoo.com,42,m
Eugenia Bartoletti,ryder@hotmail.com,68,m
Shyann Kessler,billie.hansen@yahoo.com,15,m
Rocio West,johnnie.gleason@yahoo.com,81,m
Mellie Jast,raymundo@yahoo.com,36,m
Gunner Reilly,jermaine_hansen@gmail.com,37,m
Ebba McLaughlin,myah_okon@hotmail.com,24,m
Clare Bergstrom,thomas_pfeffer@hotmail.com,66,m
Natalia Nitzsche,sandrine@gmail.com,24,m
Marta Wisoky,faye@yahoo.com,83,m
Marion Emard,gia@gmail.com,11,m
Melyna Frami,koby@gmail.com,66,m
Edd Herzog,kaitlin@yahoo.com,19,m
Wendy Conroy,torrance@gmail.com,16,m
Eliezer Erdman,verla@yahoo.com,27,m
Antwon Gerhold,bettie.miller@hotmail.com,47,m
Armani Wuckert,stella@gmail.com,24,m
Florence Hackett,elise@yahoo.com,70,m
Matteo Zieme,dameon.rohan@gmail.com,81,m
Myrl Lubowitz,tavares@hotmail.com,58,m
Viola Armstrong,stanford.kunze@gmail.com,93,m
Valerie Johnson,jewel.thompson@yahoo.com,93,m
Freeman O'Reilly,keenan@gmail.com,30,m
Dandre Koch,lon@hotmail.com,69,m
Ambrose Daniel,hillary@gmail.com,61,m
Lacy Ebert,buster.lowe@hotmail.com,22,m
Davonte Howe,annamarie@gmail.com,54,m
Whitney Schulist,omer.von@yahoo.com,71,m
Milo Steuber,alva@hotmail.com,97,m
Ellsworth Schaefer,will@gmail.com,87,m
Cristal Haley,olen.tillman@hotmail.com,6,m
Jovani Robel,bette_mcglynn@hotmail.com,1,m
Shanie Mosciski,dexter@gmail.com,25,m
Saul Jerde,chesley_boehm@hotmail.com,78,m
Juana O'Kon,chyna.blanda@yahoo.com,35,m
Jamey Ryan,rosie@yahoo.com,48,m
Kenneth Hansen,garnet_zemlak@yahoo.com,31,m
Kayli Cole,eunice@gmail.com,91,m
Daisha Morissette,camille.schaefer@hotmail.com,72,m
Cindy Heaney,verna.leuschke@gmail.com,16,m
Guadalupe Kohler,grover.hoppe@gmail.com,65,m
Alexis Ratke,wilfredo_heller@gmail.com,29,m
Charles Hilpert,marcia@hotmail.com,75,m
Dewitt Farrell,norberto@yahoo.com,88,m
Minerva Stracke,tevin@yahoo.com,72,m
Brook Reynolds,arne@gmail.com,10,m
Raul Lehner,rosalia@gmail.com,81,m
Lempi Paucek,tamia.kemmer@yahoo.com,33,m
Vernie Bogan,timmy_little@yahoo.com,46,m
Cassandre Thompson,wilber@yahoo.com,27,m
Brando Predovic,beie.luettgen@gmail.com,50,m
Thalia Schuster,prudence.emmerich@yahoo.com,77,m
Aliya Zboncak,lambert.okon@gmail.com,0,m
Ole Ebert,clair_skiles@yahoo.com,58,m
Rylan Kertzmann,margarette@hotmail.com,5,m
Marcelina Upton,taya@hotmail.com,74,m
Marley Shanahan,hailee.padberg@hotmail.com,21,m
Hailie West,foster@hotmail.com,7,m
Zoey Turner,berenice_abbott@hotmail.com,4,m
Leanne Davis,deonte_schowalter@gmail.com,25,m
Percy Howe,kole@gmail.com,56,m
Alexandrea Koelpin,franz.boyle@hotmail.com,72,m
Meagan Keeling,holly.skiles@gmail.com,59,m
Sylvester Walker,christop@yahoo.com,67,m
Vallie Fritsch,serenity@yahoo.com,44,m
Jasmin Erdman,cooper.veum@gmail.com,95,m
Mandy Vandervort,dangelo@gmail.com,61,m
Aurelio Stehr,zoila@gmail.com,80,m
Josianne Kunze,coralie.hirthe@gmail.com,60,m
Valentine Dicki,kara@hotmail.com,40,m
Bailee Nader,francisco@gmail.com,38,m
Joseph Emard,jaren@gmail.com,24,m
Quinten Ritchie,cory@hotmail.com,20,m
Dena Trantow,darryl.hahn@yahoo.com,3,m
Ludwig Cummerata,brady@hotmail.com,75,m
Luisa Kreiger,dewayne_kris@yahoo.com,48,m
Vicky Bauch,jamil@gmail.com,9,m
Tamia Considine,alvera_cole@hotmail.com,5,m
Luella Feeney,jeanne@hotmail.com,97,m
Judah Cronin,luna@gmail.com,17,m
Aniya Gaylord,vita@hotmail.com,9,m
Kirstin Herman,wyman.wuckert@gmail.com,46,m
Keely Schimmel,pearl@gmail.com,92,m
May Ryan,josiane@hotmail.com,95,m
Haskell Schulist,vicente.johns@gmail.com,38,m
Bertha Funk,georgianna.botsford@hotmail.com,13,m
Marielle Hodkiewicz,lulu@yahoo.com,72,m
Noelia Heaney,daron@hotmail.com,71,m
Deshawn Macejkovic,camren@yahoo.com,85,m
Dawn Reinger,kitty@gmail.com,55,m
Neal Volkman,toby@yahoo.com,18,m
Yoshiko Wintheiser,aaron@gmail.com,55,m
Florencio Stanton,lorine_stoltenberg@yahoo.com,82,m
Willard Runte,carole.dare@hotmail.com,29,m
Emilio Cummings,burnice@yahoo.com,13,m
Melody Abshire,billy@gmail.com,0,m
Lila Welch,elenora_rohan@gmail.com,37,m
John Schiller,pierre@yahoo.com,75,m
Francis Beier,nigel.wilderman@yahoo.com,85,m
Carissa Nicolas,teresa_daniel@yahoo.com,75,m
Nikko Doyle,isabel@yahoo.com,49,m
Aubree DuBuque,wade_beatty@yahoo.com,63,m
Dariana Towne,daron@hotmail.com,56,m
Lydia Gislason,immanuel@yahoo.com,22,m
Terrence Tromp,korbin@hotmail.com,11,m
Carol Douglas,frank@yahoo.com,58,m
Lambert Crist,clifford@hotmail.com,27,m
Ethel Welch,devon@hotmail.com,64,m
Marquise Lubowitz,nat@hotmail.com,69,m
Russel Oberbrunner,brock@hotmail.com,28,m
Caitlyn Collins,eli.gorczany@yahoo.com,22,m
Filiberto Bechtelar,oma.mayert@gmail.com,44,m
Elda Hoppe,timothy_bahringer@gmail.com,86,m
Alex Turcotte,jovany@yahoo.com,44,m
Mckenna Upton,ottis.denesik@hotmail.com,87,m
Raymundo Okuneva,joany@hotmail.com,43,m
Eudora Bayer,jayce_ruecker@yahoo.com,88,m
Margot Monahan,sheila@hotmail.com,29,m
Nicolette Satterfield,vallie@hotmail.com,83,m
Marc Keebler,eliezer@yahoo.com,66,m
Leonora Homenick,ibrahim.collier@gmail.com,36,m
Enrico Bailey,newell.mohr@hotmail.com,76,m
Savion Metz,ocie.padberg@yahoo.com,86,m
Demario Bogan,rick@gmail.com,84,m
Ashleigh Eichmann,zetta_kling@hotmail.com,57,m
Rory Cormier,gudrun@hotmail.com,48,m
Arnold Kuphal,wilber@hotmail.com,98,m
Jerald Ebert,ellsworth@yahoo.com,93,m
Scot Heaney,lelah@yahoo.com,95,m
Emory Leannon,afton@yahoo.com,60,m
Imani Bogan,theodora@hotmail.com,51,m
Brendon Friesen,derrick@hotmail.com,93,m
Marcelino Ernser,jaleel@gmail.com,95,m
Alayna Herman,yvonne.mertz@hotmail.com,74,m
Lizzie Ruecker,cleta@hotmail.com,73,m
Destin Goyette,cordelia.ward@hotmail.com,7,m
Nikko Goyette,yasmeen_kuhic@hotmail.com,17,m
Lazaro Windler,dangelo@hotmail.com,29,m
Zack Wunsch,frieda_graham@yahoo.com,42,m
Karianne Olson,addison@hotmail.com,56,m
Malinda Abshire,lydia.considine@yahoo.com,63,m
Johnnie Haag,jasmin.bauch@gmail.com,54,m
Estelle Zboncak,zelma@gmail.com,25,m
Rudy Hegmann,octavia.larson@gmail.com,29,m
Jeremie Reilly,hudson@gmail.com,52,m
Dimitri Nicolas,margie@hotmail.com,86,m
Efrain Littel,fausto@hotmail.com,19,m
Webster Olson,deshaun@hotmail.com,22,m
Tressie Romaguera,hosea@gmail.com,14,m
Mozell Barrows,sophie_gleason@gmail.com,27,m
Taylor Sipes,muhammad@gmail.com,41,m
Virgil Schowalter,hyman@hotmail.com,45,m
Janice Yost,toni_klocko@yahoo.com,80,m
Fanny Wiegand,maryam_medhurst@hotmail.com,88,m
Rusty Treutel,nathen.wintheiser@gmail.com,77,m
Braden Crona,danielle_murphy@yahoo.com,10,m
Neva West,emie.collier@yahoo.com,26,m
Rasheed Howell,garett_witting@gmail.com,7,m
Sasha Wolf,mario@gmail.com,32,m
Jaydon Feeney,jaida_bode@gmail.com,21,m
Reece Gottlieb,marcelino@gmail.com,52,m
Darren Feil,janet@yahoo.com,92,m
Celine Conn,clint@hotmail.com,2,m
Lysanne Veum,abelardo@hotmail.com,55,m
Glenna Pollich,annabelle_hamill@gmail.com,28,m
Josianne Klein,modesta.smitham@yahoo.com,13,m
Mohammad Welch,dovie@gmail.com,75,m
Aracely Skiles,tanner_gibson@hotmail.com,90,m
Filomena Gutkowski,mafalda_nader@gmail.com,71,m
Anabel Hessel,emilie@yahoo.com,45,m
America Mertz,magnus.heaney@yahoo.com,64,m
Margot Krajcik,angie@yahoo.com,78,m
Itzel Parker,madge.wilderman@yahoo.com,49,m
Claire Hayes,laila.okeefe@hotmail.com,47,m
Brock Block,milford@yahoo.com,8,m
Georgette Zieme,adrian.hammes@hotmail.com,6,m
Micheal Sanford,zoe@hotmail.com,58,m
Willow Pfeffer,tina.cummings@hotmail.com,40,m
Henri Brekke,alberta.beatty@hotmail.com,81,m
Sylvia Streich,mallie@gmail.com,92,m
Vicenta Erdman,krystel@yahoo.com,77,m
Mark Jones,makenzie@gmail.com,68,m
Arlie Thiel,jeffery@hotmail.com,58,m
Dianna Barrows,kayla@yahoo.com,53,m
Dolly Jenkins,elisa.mckenzie@gmail.com,45,m
Humberto Wiegand,kendrick@gmail.com,97,m
Madaline Haley,rod_hettinger@gmail.com,7,m
Ramon Bogisich,daren@yahoo.com,59,m
Pearline Swaniawski,antonina@yahoo.com,25,m
Julie O'Connell,olin.ortiz@hotmail.com,21,m
Rosalyn Wilderman,nikki@yahoo.com,23,m
Janis Fahey,cesar.ratke@hotmail.com,14,m
Christ Homenick,mary@yahoo.com,48,m
Ludie Jacobs,emma.borer@hotmail.com,18,m
Domenico Muller,mitchell@yahoo.com,33,m
Filomena Considine,felicita_gulgowski@gmail.com,23,m
Faustino Klocko,adrain_stoltenberg@hotmail.com,10,m
Maryam Murray,kirsten@hotmail.com,44,m
Hannah Abbott,lillian_lesch@gmail.com,77,m
Mariam Heathcote,jamir.batz@hotmail.com,22,m
Ozzie Bogisich,therese.littel@hotmail.com,81,m
Gerald Runolfsdottir,coy.tillman@yahoo.com,41,m
Esta Halvorson,lila_kiehn@yahoo.com,8,m
Max Mohr,winona_nienow@hotmail.com,62,m
Bettie Lueilwitz,dahlia.donnelly@hotmail.com,2,m
Gunner Kunde,camilla.larson@gmail.com,69,m
Timothy Reichert,dean@yahoo.com,82,m
Annalise Gorczany,kim.bruen@hotmail.com,8,m
Adolph Buckridge,marilou@gmail.com,11,m
Brice Hudson,joshuah.kiehn@yahoo.com,57,m
Chase Gerlach,andrew_langworth@yahoo.com,93,m
Gregoria Pfeffer,mervin@yahoo.com,66,m
Tatum Orn,delta.schiller@yahoo.com,57,m
America Bashirian,khalid@yahoo.com,94,m
Zaria Stroman,delfina@hotmail.com,14,m
Enola Senger,morton_eichmann@gmail.com,70,m
Yasmin Rice,gardner.yundt@yahoo.com,40,m
Magdalen Hegmann,lilla.heidenreich@gmail.com,37,m
Colten Kilback,leopold.gorczany@yahoo.com,59,m
Fidel Rippin,raphaelle.goldner@yahoo.com,91,m
Santina Muller,adalberto_buckridge@hotmail.com,84,m
Abdul MacGyver,aidan@gmail.com,96,m
Neva Glover,cayla.towne@gmail.com,60,m
Domingo Thiel,laurence@hotmail.com,36,m
Patricia Herman,verlie.wiza@yahoo.com,89,m
Wendy Kozey,armando.welch@gmail.com,26,m
Reymundo Wolff,christina_reinger@hotmail.com,20,m
Clifton Sanford,baby@gmail.com,53,m
Tamara Bins,jane.kirlin@hotmail.com,2,m
Kayden Runolfsson,prince@yahoo.com,24,m
Ayden Abbott,lilliana@yahoo.com,52,m
Ava Parker,alford@gmail.com,37,m
Quinten Feil,obie.langworth@hotmail.com,11,m
Demario Wisoky,lorenz.kautzer@hotmail.com,87,m
Blake Bradtke,nya.bartell@yahoo.com,0,m
Wyatt Boehm,marion@gmail.com,62,m
Diana Schultz,bart.langworth@hotmail.com,80,m
Erika Gerhold,alexandrine@hotmail.com,59,m
Gabriella Hettinger,derrick@hotmail.com,53,m
Everardo Johns,esmeralda.reilly@yahoo.com,33,m
Oran Stoltenberg,myron.stracke@yahoo.com,8,m
Darryl Green,valentin@gmail.com,6,m
Julius Morar,rozella.greenfelder@hotmail.com,19,m
Molly Koch,johnson@gmail.com,18,m
Carolina Nikolaus,leda.wisozk@gmail.com,30,m
Nina Wiza,danny@yahoo.com,97,m
Jacques Ruecker,emory@yahoo.com,96,m
Korbin Schaden,danielle@hotmail.com,26,m
Haley Hackett,webster_carroll@yahoo.com,30,m
Houston Nicolas,raymond@hotmail.com,69,m
Guillermo Pfeffer,cheyenne.kris@gmail.com,3,m
Timothy Bartoletti,john_glover@gmail.com,1,m
Ottilie Wunsch,kaden.dickinson@gmail.com,48,m
Johnathon Roob,merlin_boehm@gmail.com,30,m
Leonie Kihn,rosie_kozey@gmail.com,50,m
Zane McDermott,brady@hotmail.com,37,m
Jon Gutkowski,dayana.turner@yahoo.com,6,m
Tony Gerlach,jamar_waelchi@yahoo.com,0,m
Eliane Abshire,arjun.rosenbaum@hotmail.com,52,m
Drake Hand,lucinda.von@gmail.com,11,m
Cyril Collins,jesus@gmail.com,83,m
Bobbie Padberg,rashad.flatley@gmail.com,38,m
Murray Kuhlman,landen@hotmail.com,46,m
Romaine Mitchell,hermina@gmail.com,85,m
Abraham Labadie,una.shanahan@hotmail.com,98,m
Aimee Eichmann,kristy@hotmail.com,93,m
Lilly Lueilwitz,josh.king@yahoo.com,10,m
Gerry Collier,jadon.thompson@hotmail.com,4,m
Elyssa Conroy,emilia.raynor@yahoo.com,10,m
Marques Ortiz,camylle@hotmail.com,71,m
Moriah Dare,destiney_keler@yahoo.com,78,m
Crawford Prosacco,justen@hotmail.com,14,m
Blaise Breitenberg,savannah.pagac@gmail.com,85,m
Stuart Bernhard,valentina_welch@gmail.com,63,m
Derek Franecki,mabelle@hotmail.com,20,m
Palma Gibson,hosea@yahoo.com,64,m
Favian Ratke,yolanda@gmail.com,36,m
Reyes Sporer,jordan_langworth@yahoo.com,46,m
Mariah Jaskolski,winnifred.zboncak@yahoo.com,8,m
Stacey McCullough,earnestine@hotmail.com,24,m
Rubye Hamill,lexi@gmail.com,27,m
Roderick VonRueden,annie@hotmail.com,34,m
Chloe Volkman,estrella.hane@gmail.com,4,m
Eden Bergnaum,fanny@hotmail.com,63,m
Coby Marquardt,moriah.luettgen@yahoo.com,84,m
Delphine Leffler,randy.sipes@hotmail.com,91,m
Rosalinda Hilll,gabe@gmail.com,28,m
Sylvia Wisoky,allison@gmail.com,76,m
Marlen Ruecker,emory.murazik@hotmail.com,39,m
Shaylee Goldner,lucinda.witting@gmail.com,30,m
Kenny Treutel,charley@hotmail.com,98,m
Martin Block,lexi@hotmail.com,5,m
Jamey Hintz,maximilian_hackett@yahoo.com,23,m
Amira Raynor,willard@gmail.com,21,m
Morton Ebert,brook_lang@gmail.com,96,m
Delia Boyer,edison@yahoo.com,75,m
Clementine Hickle,phoebe@hotmail.com,58,m
Magnus Rogahn,horacio.block@gmail.com,53,m
Uriah Gaylord,craig@gmail.com,88,m
Guido Abernathy,kasey@hotmail.com,26,m
Eunice Beier,dallas_oberbrunner@yahoo.com,22,m
Virgie Prohaska,lolita_macgyver@yahoo.com,12,m
Naomie Reilly,randall@yahoo.com,95,m
Kay Ullrich,gabrielle.erdman@gmail.com,8,m
Skyla Donnelly,marcus@yahoo.com,9,m
Matt Hills,hoyt@gmail.com,67,m
Noemi Hand,hector@yahoo.com,53,m
Miguel Trantow,arnoldo@gmail.com,19,m
Avis Borer,darby.witting@hotmail.com,10,m
Ivy Fisher,hazle.bernhard@hotmail.com,69,m
Garrett Champlin,nestor@gmail.com,86,m
Alycia Batz,rickey.hudson@yahoo.com,94,m
Electa Ruecker,everett@yahoo.com,55,m
Alize Turner,maria@gmail.com,15,m
Connor Davis,george@gmail.com,61,m
Noemie Schuppe,john@hotmail.com,37,m
Gaston Ryan,isabell.jast@hotmail.com,74,m
Joannie Barrows,magnolia.ledner@gmail.com,5,m
Mabelle Hahn,kathryn@hotmail.com,52,m
Baron O'Keefe,bud_collier@gmail.com,76,m
Brendan Lowe,van_yundt@gmail.com,19,m
Waylon Bechtelar,merlin@hotmail.com,61,m
Jacques Bradtke,roberta_weimann@hotmail.com,59,m
Arturo Crist,rowan.king@yahoo.com,55,m
Jovany DuBuque,lisette@hotmail.com,81,m
Abigale Torp,loraine.wisozk@gmail.com,38,m
Jovany Lowe,gage@gmail.com,12,m
Elda O'Keefe,chaim@yahoo.com,53,m
Aryanna Thiel,nova@hotmail.com,19,m
Leonardo Walker,laverne_fritsch@gmail.com,4,m
Nicola Keebler,marcelino@hotmail.com,74,m
Alf Mueller,francis@hotmail.com,15,m
Alaina Beahan,ubaldo_schumm@yahoo.com,57,m
Brittany Farrell,naomi@hotmail.com,26,m
Toney Weissnat,gonzalo@hotmail.com,44,m
Dell Schaden,coralie_kohler@gmail.com,91,m
Ramon Osinski,courtney.bogan@hotmail.com,39,m
Uriah Jacobi,melya.bode@gmail.com,8,m
Carson Fahey,jada@gmail.com,63,m
Rosanna Lockman,guie@hotmail.com,80,m
Eliezer Labadie,derek@gmail.com,5,m
Melyna Dare,floie_bartell@hotmail.com,30,m
Zachary Beer,jan.kshlerin@hotmail.com,19,m
Gina Abshire,jaleel@gmail.com,26,m
Maritza Huels,forest.kautzer@hotmail.com,37,m
Ozzie Schoen,daniela@hotmail.com,56,m
Dora Schmidt,pearline@hotmail.com,38,m
Werner MacGyver,anahi@yahoo.com,35,m
Mauricio Collins,geoffrey@hotmail.com,84,m
Edmund Trantow,dorris@hotmail.com,59,m
Leonardo Harvey,isobel_reichel@yahoo.com,95,m
Edwin Haley,edwina_abbott@gmail.com,85,m
Ethan Lehner,delta@hotmail.com,86,m
Carlo Stokes,mustafa@hotmail.com,86,m
Rowan Lubowitz,kenton.powlowski@gmail.com,16,m
Luz Legros,maxie@gmail.com,69,m
Alvena Fisher,anabel@hotmail.com,40,m
Stanton Langworth,darrel@gmail.com,94,m
Cindy Balistreri,justine_upton@yahoo.com,21,m
Lorenzo Schowalter,casey@gmail.com,10,m
Roberta Steuber,daphnee@hotmail.com,9,m
Maxine Schinner,aleia@hotmail.com,32,m
Lisette Anderson,janiya@hotmail.com,38,m
Jake Mills,sabryna.konopelski@gmail.com,93,m
Elody Gleichner,anais.kub@gmail.com,13,m
Annabel Okuneva,junior@hotmail.com,85,m
Melyssa Bailey,alisha.hammes@gmail.com,32,m
Maria Wilkinson,berry.wiza@yahoo.com,62,m
Julio Quitzon,daron.welch@hotmail.com,74,m
Haylee Friesen,nash@gmail.com,62,m
Damien Miller,kamren@yahoo.com,39,m
Berenice Towne,joana@yahoo.com,40,m
Millie Hintz,aleandro@yahoo.com,72,m
Dina Murazik,anita.orn@yahoo.com,69,m
Ezekiel Mante,mariam@hotmail.com,44,m
Leonard Kub,kristopher@hotmail.com,95,m
Kathleen Rath,tre_frami@gmail.com,17,m
Paolo Keeling,kathlyn.halvorson@gmail.com,19,m
Dannie Hegmann,monroe@yahoo.com,16,m
Lorenz Balistreri,anabelle_frami@hotmail.com,34,m
Ludie Heller,molly@gmail.com,56,m
Ericka Goldner,reilly@gmail.com,41,m
Kyle Schulist,loma@hotmail.com,6,m
Lilla Labadie,camryn@hotmail.com,59,m
Ivory Brekke,tania_eichmann@gmail.com,50,m
Molly Adams,kayli@gmail.com,1,m
Aubrey Kozey,enrique@yahoo.com,84,m
Cedrick Hoppe,billy_hamill@hotmail.com,65,m
Leonie Volkman,zachary@yahoo.com,66,m
Gunner Leffler,kelvin.rutherford@gmail.com,95,m
Joseph Quitzon,consuelo@gmail.com,76,m
Gaetano Tillman,nicole@gmail.com,92,m
Kaden Bernhard,thomas@gmail.com,42,m
Muhammad Schiller,madonna@gmail.com,86,m
Barton Sporer,cary@yahoo.com,17,m
Dave Bartell,nathanael@yahoo.com,40,m
Anna Feeney,harry@gmail.com,90,m
Octavia Collier,pedro@gmail.com,37,m
Abdul Watsica,halie@gmail.com,95,m
Christophe Ward,tyreek_stoltenberg@gmail.com,13,m
Darrell Jaskolski,harley@hotmail.com,22,m
Ila Homenick,mathew@hotmail.com,71,m
Dorcas Orn,sedrick.wilderman@hotmail.com,95,m
Letha Keeling,hugh_koch@yahoo.com,94,m
Cristopher Murray,milan.herzog@yahoo.com,77,m
Alivia Maggio,spencer.kirlin@yahoo.com,63,m
Leora Ankunding,claudia_kerluke@hotmail.com,43,m
Colton Kub,floie_smitham@yahoo.com,96,m
Lonnie Dach,mozelle.stamm@gmail.com,91,m
Lillie Champlin,hubert@hotmail.com,21,m
Flavie Gutkowski,edmond.schowalter@gmail.com,57,m
Roger Bashirian,catharine@hotmail.com,79,m
Ashton Corkery,garland@gmail.com,90,m
Camren Kessler,leone@gmail.com,40,m
Arely Gottlieb,catalina@gmail.com,20,m
Magali Christiansen,salvador@hotmail.com,3,m
Joseph Cormier,neal@gmail.com,54,m
Stefanie Bayer,wilmer@yahoo.com,20,m
Shemar Watsica,reid_zemlak@gmail.com,73,m
Collin Ortiz,clara.hamill@hotmail.com,36,m
Idell Nolan,javon.little@yahoo.com,75,m
Pearline Macejkovic,jairo_hartmann@yahoo.com,77,m
Caden Towne,alyce@yahoo.com,42,m
Tyrese Conn,lavonne_durgan@hotmail.com,96,m
Ike Barton,brady_bednar@gmail.com,68,m
Elody Hermann,dangelo@gmail.com,39,m
Fredrick Bartell,rocky@yahoo.com,17,m
Reed Bosco,laury@yahoo.com,29,m
Clementina Monahan,vivian.ankunding@gmail.com,69,m
Magdalena Cronin,rickie@yahoo.com,26,m
Claire Roberts,devan.welch@yahoo.com,32,m
Kiley Wilderman,brennan@hotmail.com,42,m
Evangeline Legros,evans@yahoo.com,55,m
Lia Lesch,winfield@hotmail.com,78,m
Gilberto Becker,ernestine_oreilly@hotmail.com,65,m
Berniece Walter,gielle_stanton@hotmail.com,72,m
Ayden Mohr,ruby_thompson@yahoo.com,80,m
Armand Cronin,winona@hotmail.com,13,m
Troy Hirthe,vicenta.deckow@hotmail.com,45,m
Marge Torphy,ania@gmail.com,82,m
Chyna Crist,blaise@gmail.com,98,m
Adah Kunze,koby.lockman@hotmail.com,69,m
Ignacio Daniel,margarette.legros@yahoo.com,14,m
Candice Lynch,boyd@yahoo.com,16,m
Crystal Ward,lorine@gmail.com,50,m
Kayley Bashirian,roma.becker@hotmail.com,74,m
Nedra Kub,jaida@yahoo.com,20,m
Elmo Kemmer,rickey@hotmail.com,47,m
Savannah Beahan,ari@gmail.com,38,m
Ron O'Conner,kadin.breitenberg@gmail.com,73,m
Nathen Jacobson,kathleen@hotmail.com,79,m
Candace Torp,melvin@yahoo.com,35,m
Dulce Swaniawski,coty@hotmail.com,55,m
Amani Turcotte,sydni@gmail.com,69,m
Quinton Hyatt,preston@yahoo.com,77,m
Avery Kuvalis,mohammed_reichel@hotmail.com,41,m
Adelle Jones,nat@gmail.com,8,m
Vilma Schimmel,daren@hotmail.com,82,m
Carey Ullrich,marvin@gmail.com,9,m
Ernesto Vandervort,pattie@yahoo.com,69,m
Jordyn Kerluke,axel@gmail.com,71,m
Camille Howell,donnell_pollich@gmail.com,25,m
Cedrick Bogan,mckenzie_cain@hotmail.com,77,m
Marlene Williamson,ben_swaniawski@gmail.com,74,m
Esta Ward,estella@yahoo.com,57,m
Addie Hudson,bettie@yahoo.com,26,m
Garnett Hansen,katarina_padberg@hotmail.com,35,m
Leopoldo Maggio,vita@yahoo.com,22,m
Dion Borer,monique@hotmail.com,15,m
Dameon Pollich,stephania@yahoo.com,7,m
Hilton Tromp,pedro@hotmail.com,94,m
Harry Connelly,elisha@gmail.com,76,m
Augustus Schowalter,bernadette@hotmail.com,79,m
Sanford MacGyver,birdie.pouros@hotmail.com,49,m
Abigale MacGyver,hailie@yahoo.com,64,m
Clinton Wisoky,lina@yahoo.com,56,m
Hudson Mertz,tyler@hotmail.com,21,m
Jamarcus Lebsack,gennaro.pouros@gmail.com,78,m
Kaylie Abernathy,brody.daniel@hotmail.com,4,m
Kamron Klein,adan_flatley@yahoo.com,42,m
Theresa Schaefer,presley_klein@yahoo.com,62,m
Jolie Mayert,roger@yahoo.com,70,m
Novella Kilback,johnpaul.dicki@yahoo.com,17,m
Ariel D'Amore,antoinette@gmail.com,50,m
Karley Schroeder,cullen@yahoo.com,69,m
Robert Metz,trever@gmail.com,42,m
Jessy Smith,tyrese@yahoo.com,38,m
Beryl Johnston,santino@yahoo.com,33,m
Tyshawn O'Conner,jocelyn@yahoo.com,65,m
Miracle Rau,brandon_parker@gmail.com,23,m
Cade Mosciski,richard_senger@gmail.com,58,m
Suzanne Klocko,jeanne@hotmail.com,5,m
Kaitlin Reinger,everardo@yahoo.com,13,m
Gonzalo McClure,keith.huel@yahoo.com,22,m
Weldon Fisher,giles@gmail.com,93,m
Joanne Schumm,hank@yahoo.com,14,m
Howard Stroman,willie_vandervort@gmail.com,9,m
Rocky Ebert,mercedes_moen@hotmail.com,40,m
Felton Walter,lonzo@gmail.com,85,m
Theresia Carter,sydnie.brown@gmail.com,26,m
Keven Hand,leon@yahoo.com,58,m
Evelyn Schaefer,ryan@yahoo.com,22,m
Eusebio Smitham,roderick.murazik@hotmail.com,30,m
Emmitt Buckridge,dorcas@gmail.com,83,m
Kory Ferry,luciano_weimann@hotmail.com,93,m
Guillermo McClure,lexi.mohr@gmail.com,57,m
Cortez Muller,emelia.keeling@gmail.com,93,m
Vena Larkin,maribel.wehner@hotmail.com,70,m
Aniya Hoeger,colby.barrows@hotmail.com,13,m
Sonia Lang,simone@yahoo.com,3,m
Nikita Lynch,delmer@gmail.com,26,m
Orpha Gleason,warren@yahoo.com,72,m
Dedric Berge,dusty_rau@yahoo.com,0,m
Salvador Becker,noe@yahoo.com,37,m
Eladio Pollich,raymond@yahoo.com,96,m
Karli Kohler,abraham@gmail.com,85,m
Onie Labadie,jamison@gmail.com,48,m
Eleanora Wintheiser,christa@yahoo.com,32,m
Sylvan Schuppe,ervin_herzog@hotmail.com,41,m
Pietro Lindgren,finn.lubowitz@gmail.com,75,m
Marcelina Terry,watson@yahoo.com,14,m
Leo Hagenes,reed_oreilly@gmail.com,55,m
Kennedi Sanford,jazmyn.trantow@yahoo.com,85,m
Connor Kreiger,jaylin@yahoo.com,58,m
Susana Conroy,lempi.flatley@yahoo.com,86,m
Jonatan Sipes,junius_ferry@gmail.com,69,m
Litzy Miller,whitney@hotmail.com,80,m
Sammy Denesik,eliane@hotmail.com,35,m
Beryl Schimmel,aiden_wilkinson@yahoo.com,66,m
Chelsie Runolfsson,georgette.schimmel@hotmail.com,16,m
Edd Graham,emilia.littel@hotmail.com,60,m
Johnathan Reichert,geraldine@gmail.com,28,m
Brisa Jacobson,hazel_langosh@yahoo.com,22,m
Adolfo Deckow,zachariah_bailey@gmail.com,41,m
Joshua Reichel,emery@hotmail.com,52,m
Malachi Heidenreich,coleman@gmail.com,40,m
Justina Strosin,flavie@hotmail.com,28,m
Freida Zulauf,sydney_koelpin@hotmail.com,59,m
Terrance Kihn,concepcion@yahoo.com,45,m
Rae Spencer,deonte_wisozk@hotmail.com,85,m
Herminia Sawayn,caleigh@gmail.com,0,m
Kayla Auer,rafaela@gmail.com,40,m
Elza Casper,trycia_buckridge@hotmail.com,9,m
Jessika Ryan,aryanna_will@yahoo.com,77,m
Carleton Adams,ramiro@yahoo.com,55,m
Estella Koelpin,mercedes_lesch@gmail.com,22,m
Monte Kilback,aimee.okuneva@hotmail.com,58,m
Jimmie Ledner,carol@hotmail.com,63,m
Guiseppe Howell,rosina_sporer@yahoo.com,4,m
Kelly Koss,augustus.marvin@gmail.com,92,m
Charity Kuhn,luis.oreilly@gmail.com,17,m
Esperanza Torphy,patsy@gmail.com,95,m
Muriel Breitenberg,nestor@hotmail.com,58,m
Tiana Gleason,madilyn@gmail.com,63,m
Mariano Reynolds,hal_kirlin@gmail.com,46,m
Lucio Bartoletti,edgar_rolfson@yahoo.com,17,m
Allan Lemke,collin@yahoo.com,62,m
Kody Schoen,jaden@yahoo.com,1,m
Chance Robel,kyla.carter@hotmail.com,82,m
Bella Mann,colin@hotmail.com,48,m
Maryam Macejkovic,irving_bode@gmail.com,63,m
Ona Wiza,marilie@gmail.com,43,m
Damaris Mitchell,gordon@yahoo.com,15,m
Eulalia Carter,salvatore_yundt@yahoo.com,1,m
Kathlyn Hintz,bernardo@hotmail.com,45,m
Jared O'Connell,brown_berge@gmail.com,41,m
Frederic Schimmel,elna.considine@hotmail.com,76,m
Haleigh Johns,stephon_strosin@hotmail.com,10,m
Amos Watsica,romaine@yahoo.com,45,m
Elisabeth Ondricka,domenick@yahoo.com,62,m
Camille Murazik,tatum@gmail.com,3,m
Armando Runolfsdottir,ella.smith@yahoo.com,30,m
Karlee Hickle,tyree@hotmail.com,71,m
Cary Sanford,bernice_cronin@hotmail.com,41,m
Lilyan Schulist,jordy@gmail.com,18,m
Dasia Kshlerin,christophe@gmail.com,21,m
Jon Bartell,freddy.oberbrunner@gmail.com,36,m
Kathryn Will,shanon_greenholt@yahoo.com,33,m
Moises Christiansen,ceasar@hotmail.com,61,m
Sigmund Macejkovic,anthony@hotmail.com,75,m
Freeda Bode,victor.cummings@hotmail.com,43,m
Magdalen Johnston,kennith@gmail.com,84,m
Norwood Schowalter,janie.koepp@hotmail.com,82,m
Bennett Durgan,donavon_bailey@hotmail.com,80,m
Roy Hoppe,hadley@yahoo.com,23,m
Piper Kling,hiram@hotmail.com,89,m
Alysha Hane,julianne.hermann@yahoo.com,60,m
Norwood Mills,bailee@hotmail.com,55,m
Makayla Kemmer,elta_mcclure@yahoo.com,85,m
Kyle Funk,kane.mcglynn@gmail.com,91,m
Felton Donnelly,christine@yahoo.com,84,m
Eula Koch,wilbert@yahoo.com,71,m
Tanya Kihn,pattie@yahoo.com,60,m
Ernesto Hagenes,katelyn_ryan@yahoo.com,68,m
Lelah Maggio,jameson@yahoo.com,66,m
Madge Haag,maxime.jenkins@gmail.com,96,m
Alize Green,camron_rau@gmail.com,9,m
Baby Goodwin,toney@hotmail.com,27,m
Lorena Tremblay,drake.kirlin@yahoo.com,23,m
Eulah Nienow,treva@hotmail.com,68,m
Edison Ankunding,armani.smith@yahoo.com,72,m
Saul McCullough,adele@gmail.com,25,m
Kraig Bogan,ruth_shanahan@gmail.com,85,m
Ressie D'Amore,javonte.mcclure@yahoo.com,36,m
Darian Welch,lois_swaniawski@gmail.com,0,m
